Geography,2005 Q1,2005 Q2,2005 Q3,2005 Q4,2006 Q1,2006 Q2,2006 Q3,2006 Q4,2007 Q1,2007 Q2,2007 Q3,2007 Q4,2008 Q1,2008 Q2,2008 Q3,2008 Q4,2009 Q1,2009 Q2,2009 Q3,2009 Q4,2010 Q1,2010 Q2,2010 Q3,2010 Q4,2011 Q1,2011 Q2,2011 Q3,2011 Q4,2012 Q1,2012 Q2,2012 Q3,2012 Q4,2013 Q1,2013 Q2,2013 Q3,2013 Q4,2014 Q1,2014 Q2,2014 Q3,2014 Q4,2015 Q1,2015 Q2,2015 Q3,2015 Q4,2016 Q1,2016 Q2,2016 Q3,2016 Q4,2017 Q1,2017 Q2,2017 Q3,2017 Q4,2018 Q1,2018 Q2,2018 Q3,2018 Q4,2019 Q1,2019 Q2,2019 Q3,2019 Q4,2020 Q1,2020 Q2,2020 Q3,2020 Q4,2021 Q1
United States,16635574.53,16712368.14,16861212.75,16967738.8,17193377.02,17233689.1,17260320.61,17407341.15,17448200.46,17548159.83,17643559.01,17750814.69,17648848.84,17739870.24,17643923.83,17262144.69,17068245.4,17043802.77,17105821.36,17293701.21,17360279.99,17520251.47,17649396.06,17738046.16,17695362.78,17821953.66,17817028.66,18023514.08,18164697.57,18242768.03,18267393.06,18288187.53,18450165.49,18472966.44,18617615.68,18766277.89,18713197.27,18966561.45,19198036.71,19306204.43,19489341.68,19621222.38,19692361.35,19723917.87,19835733.74,19897569.92,20005920.04,20131781.3,20245603.65,20332064.86,20480362.25,20676085.62,20868708.06,21008249.89,21118606.5,21187921.39,21341508.6,21420673.51,21557114.4,21683522.88,21409729.05,19485693.52,20943130.37,21165850.07,21494731
California,2203696.917,2222811.859,2253970.179,2274050.521,2328981.843,2321475.849,2333495.093,2346721.088,2336632.646,2352875.52,2372135.271,2407420.681,2368225.397,2411933.931,2404114.182,2318941.672,2309601.416,2274774.572,2263913.81,2272361.069,2295530.695,2301878.207,2308080.909,2356375.099,2348386.405,2355289.022,2347252.058,2363301.851,2395087.682,2399166.502,2412754.522,2447002.125,2446881.45,2470364.831,2506446.697,2570356.249,2551579.198,2587395.578,2639599.641,2650967.239,2704981.43,2748279.668,2756992.413,2764281.191,2807555.295,2812334.03,2850226.023,2872599.193,2908053.547,2940635.834,2973411.201,3012172.054,3017433.49,3043064.889,3058994.007,3077940.003,3105453.934,3142887.361,3155099.685,3206169.402,3171221.883,2884956.327,3087569.879,3116145.751,3164343.4
Texas,1167918.601,1163346.009,1166942.921,1179073.395,1222585.83,1239419.958,1252569.8,1278490.862,1288043.793,1317022.958,1323401.287,1332502.784,1313178.486,1309290.327,1310615.505,1331104.794,1317357.893,1303101.309,1308853.455,1319600.502,1332473.659,1337410.31,1348856.353,1357550.102,1365428.358,1382393.547,1386106.958,1415377.371,1435662.786,1450050.432,1455802.578,1483442.002,1496475.346,1512275.544,1528920.361,1535153.065,1522440.095,1555263.732,1586194.258,1607761.164,1649074.677,1633230.792,1651259.037,1657579.116,1655438.444,1653501.645,1659137.292,1666884.486,1682189.563,1696693.707,1711765.786,1729109.598,1750021.196,1768384.376,1774820.954,1790431.841,1809319.267,1810382.321,1831745.354,1835094.705,1805780.605,1657622.803,1768981.434,1801076.951,1820226.5
New York,1376124.289,1390163.463,1405391.055,1420539.419,1442057.702,1431203.487,1421363.388,1436765.281,1482226.219,1436765.281,1429349.555,1415658.983,1432027.456,1412648.325,1415199.462,1381559.319,1403220.212,1464447.491,1481449.786,1499909.874,1518053.051,1539238.576,1515913.899,1499561.272,1530539.359,1514456.106,1509924.274,1530016.455,1554117.566,1578519.742,1593985.017,1611621.136,1572799.492,1582544.517,1589326.42,1603555.741,1593604.724,1604870.923,1621461.234,1633995.079,1633630.631,1652217.484,1653802.041,1632442.214,1674401.28,1678029.916,1665971.438,1675779.845,1702907.459,1689866.556,1700245.403,1731350.255,1745975.716,1758557.098,1766147.125,1755641.513,1776510.127,1787094.967,1785035.043,1790755.294,1762518.49,1574526.659,1682070.536,1697519.966,1724932.8
Florida,920131.933,927741.7787,947238.6668,945795.113,962877.1671,965265.2686,965728.6316,975147.3751,965283.0903,967885.0516,973267.1907,968152.3764,951293.0928,945162.4443,930789.2813,898835.0579,886502.4742,877226.3039,873715.4383,883802.4938,878411.4438,886609.4041,893702.4219,896019.2367,881806.4687,889148.9896,881325.284,887749.9899,890129.1805,887616.3275,894709.3453,891875.7025,903450.866,903352.8469,911078.5333,918385.411,917440.8634,929425.9249,940457.528,949983.2014,959303.9258,973195.9041,981500.7943,991347.2575,992024.4803,1004143.204,1017233.208,1024985.627,1034511.3,1039724.134,1046763.687,1060842.792,1077158.516,1079617.904,1091415.838,1094436.608,1108052.351,1110787.974,1119012.667,1128467.054,1116161.203,1020503.481,1096726.69,1105031.581,1123895.8
Illinois,790543.2618,790601.3814,795508.3391,795383.797,811474.6329,812786.476,811873.1675,816813.3364,816414.8017,819744.2265,820723.9575,827515.6518,813193.3135,817103.9346,813500.5172,789372.5663,782614.0832,784033.8628,786541.3099,795408.7055,787720.3082,796031.4158,805571.3386,807962.5464,807480.9837,813093.6798,812122.2516,823115.1653,833369.1293,834697.578,829865.3456,823189.8905,830878.2878,825522.9787,826884.6387,833427.2489,832107.1029,846338.1105,854823.577,856932.4895,856558.8632,860369.8507,865359.8364,862237.9818,858111.4877,858800.6206,856235.0539,865401.3504,861133.7087,863890.2399,869253.8519,872317.5869,884215.5062,884506.1044,888275.5778,888707.3237,890791.3277,886432.3551,892485.0999,892144.6849,877747.6212,803669.9963,865401.3504,872873.8748,886565.2
Pennsylvania,647765.1017,651670.7851,658146.9367,660481.7786,652620.4303,657254.4131,661638.4892,664287.4994,668664.4354,673334.1191,684479.9544,694169.1911,693933.5648,704543.8859,697532.2202,681631.0189,669478.4169,668478.7904,671506.2306,687693.0395,681195.4674,690120.7038,699260.146,702923.063,692584.0691,701380.7821,705022.2786,713590.5056,712762.2437,715596.8988,716889.273,710834.3926,720373.6853,723922.3593,726114.3974,730862.6232,729534.548,740016.3457,749027.2645,752918.6676,758123.8655,759666.1463,760551.5298,764364.3908,766927.7187,768120.1303,773782.3003,773061.1412,770090.8225,771361.7762,778901.8159,780458.3772,783442.9763,788034.1179,792875.1662,795738.382,803592.5901,806905.6379,811989.4526,814759.846,802664.3655,723593.9106,780651.1623,787812.772,799437
Ohio,610148.2391,614061.9153,618721.6361,618379.1894,613144.6474,613957.9583,612074.5016,610197.16,611878.8178,611780.9759,613279.1801,612698.2437,611774.8608,614159.7572,605219.4531,579719.4064,577542.424,569176.9411,570045.288,574662.2029,577872.6404,584874.4518,593154.3231,597067.9993,598352.1743,603011.8951,607286.3633,617957.2462,610490.6857,613921.2676,612851.1217,608784.5675,618972.3559,618030.6276,623515.8894,629893.9587,631600.0769,643726.3581,653424.937,655412.3507,652966.3031,655815.9486,654391.1258,659521.7107,656017.7475,660445.0937,663141.8612,666156.615,666664.1699,668890.0732,671580.7256,673366.3404,679028.9407,683768.158,688672.4835,689699.8235,692995.8727,692745.1528,697521.0609,700119.9865,690048.3853,624347.5456,675304.8332,683535.7835,694139.4
New Jersey,585474.0374,587504.6937,592856.0702,593501.1022,597938.6834,604926.53,601307.1838,604484.5636,598105.9139,605207.2383,605177.3757,613126.7978,619457.6673,618812.6353,613646.4069,597580.3323,586483.393,582714.7339,587498.7212,592139.368,594635.8807,592605.2244,595119.6547,592079.6428,582087.6195,586489.3655,585706.9656,594283.5021,598500.1001,596218.5981,600918.9701,593375.6793,609674.6821,604424.8384,603809.669,604765.272,599378.0603,602489.7424,604436.7834,605010.1452,612499.6833,615760.6784,617176.1653,615832.3486,621303.1755,619475.5849,621315.1206,622599.212,615115.6464,619887.6886,624271.5172,626696.3597,625866.1796,629963.3273,632609.1529,635900.0106,636801.8609,637536.4806,641561.9581,643974.8555,638617.5065,572011.9809,619027.646,626320.091,634902.6
Georgia,507625.0871,509940.6629,511243.4923,517131.6705,515182.5156,515513.3121,517589.6965,521549.0765,513090.8637,517375.951,521742.4652,525411.7621,513004.3476,514627.7952,509961.0196,492271.039,487365.072,487807.8304,487054.6322,488952.8953,489278.6027,490825.7126,495416.1506,501110.9401,500479.8821,500423.9011,502474.8396,507024.5642,507910.0811,509487.7261,509889.7711,508383.3746,514943.3242,513874.597,515895.0004,519554.1189,524220.8946,532114.2087,537753.0172,540587.689,548251.9902,555371.7493,558211.5103,561137.7873,569707.962,571870.8624,575606.3186,581652.2613,589774.5884,591011.2585,596533.016,606614.6764,611352.7005,615836.2658,622248.6293,622971.2925,624157.0708,626050.2448,629775.5227,632320.1114,625826.321,577051.645,619373.2441,626462.4682,637215.9
Washington,382484.4745,386342.9795,385579.4112,393413.8933,398686.581,399942.6283,402508.9408,408829.8407,411933.8137,424056.0255,431994.4252,438536.7147,431280.5566,433426.6805,436214.3826,423784.9362,417961.0334,419402.3251,419596.6058,424842.1846,423812.0451,430381.4436,432681.1848,434181.2125,434027.5952,435771.6034,435934.257,445024.7863,450292.9559,451973.7099,454946.6563,450048.9755,460856.4041,460513.0242,467416.7662,467403.2117,471623.1692,476353.6783,486930.6809,489009.0325,495031.7341,502739.7078,508739.8186,508283.4849,519389.1117,518133.0644,522646.702,532880.3248,540755.4702,546091.4122,556166.8995,564886.9401,580967.0564,587617.7816,599468.9041,597968.8764,610398.3229,614636.353,622832.2875,627327.8524,623211.8126,578992.6223,625931.7423,628769.1441,637990.7
Massachusetts,448059.2268,449130.8076,453940.1035,455124.4823,457159.9732,458682.746,456995.9034,464860.9992,464209.8472,468285.9561,473633.606,478853.0763,477904.5478,481529.4648,475587.062,466875.9813,467086.1957,467962.9437,471685.2772,476151.0519,480996.238,487671.8278,495434.3799,497028.9332,490963.478,507165.3702,500294.9476,509441.8386,509308.5319,513635.8727,515056.1019,512866.7955,512364.3318,512266.9154,516450.6951,517691.4729,512584.8006,518337.4978,527294.6831,535569.9533,538543.7184,545234.6897,544240.0165,549746.609,547147.1282,550910.4791,556601.6501,556360.6726,558396.1635,563349.0204,569327.3135,573875.1231,580817.3263,585616.3678,587272.4473,589369.4643,596527.0091,598393.303,601854.1502,602392.5043,595752.8048,541778.9696,581940.179,588682.4221,598562.5
North Carolina,468334.251,468594.8199,473550.7379,478619.0582,498182.1613,501753.4878,501533.7924,506203.5956,509003.4338,505943.0267,505089.7913,510750.7781,521291.0449,524944.1185,521945.0217,508380.1122,486987.9177,492710.2147,500006.1435,507961.1583,499939.724,502392.137,504032.1882,511169.732,507904.9571,513974.6794,507450.2389,509161.8188,515313.2882,509575.6635,511343.4446,507445.1297,513009.0418,514112.6276,520402.0452,522052.3148,525644.0781,526645.48,531642.2716,533001.3172,542570.8372,546550.8992,547240.6403,546785.9221,551803.1504,551425.0701,554986.1781,562072.63,564530.1522,565797.2323,568229.2085,575213.4765,578074.625,584864.7436,583817.3588,587123.0072,589197.3399,592247.5286,596477.9411,600519.3134,595226.1886,543510.9288,586612.0879,593581.0282,603012.6
Virginia,468662.1272,474944.2288,481098.749,481262.0531,487268.5791,485650.8486,484716.9538,484380.1392,486722.5313,487641.1164,491682.8909,491749.2332,488483.1527,491861.5047,492473.8948,485706.9844,483089.0168,487176.7206,489478.2866,494709.1185,495750.1817,501481.1322,504742.1093,506512.9373,502925.3521,505997.509,507038.5721,512223.4748,509988.251,510467.9566,511667.2205,509176.8341,514285.1881,511003.7979,511794.8017,511110.9661,507691.7882,511784.5952,513708.5207,515775.3372,517342.0352,522991.3337,525384.7582,524695.8194,521985.9933,525481.72,528206.8558,534708.3972,532912.0529,535540.227,537326.3648,541016.015,545639.5601,548078.9139,550227.3824,551967.5909,555876.6809,557106.5643,563307.0138,567011.9738,559795.9774,517362.4482,551860.4226,558249.6924,566425.1
Michigan,514701.497,515819.5927,512599.0948,513726.7469,506965.6127,508489.8542,506186.7682,502918.4885,506530.7977,505450.9275,505011.3343,496424.9327,486959.3448,483662.3959,472452.7699,458543.4683,429090.7252,431580.1605,432860.7146,441131.7558,441322.8833,456192.6004,466900.5169,465610.4065,466351.0254,465161.2569,466613.8257,479758.6174,477164.062,477818.6736,478697.8599,477594.0988,484589.3642,483700.6214,486237.8386,486806.4428,483638.505,491756.6443,495732.0956,495803.7684,499492.5286,504500.0683,506812.7107,507940.3627,508365.6214,515293.9921,515021.6355,519947.946,519221.6616,520645.5613,521166.3836,526417.6109,532729.5955,533847.6912,534593.0884,534148.717,535333.7073,535715.9622,540269.5742,541435.4518,530350.0585,471301.2269,516498.0952,518676.9483,528238.1
Maryland,346010.4151,349524.5202,355721.354,357495.7269,357526.5186,357553.4614,358846.7137,360059.1377,356625.8608,359866.6894,358577.2861,360494.0707,363719.5035,365582.4026,363784.9359,359839.7467,357657.3834,360093.7783,363207.5911,367426.0569,371883.1584,374500.4547,376975.3393,381871.2229,380146.8865,384430.7846,385046.6191,387240.5292,387771.6863,384068.9819,386336.0224,381413.196,385408.4218,382879.6517,385038.9211,385689.3962,385312.1976,391089.4943,394796.0476,393402.7223,398502.601,399726.5719,402671.0302,405834.8795,409252.7605,412524.3809,415541.9695,419302.4084,418270.8857,419402.4815,421257.6827,424698.6575,423532.421,424864.163,424279.1203,424552.3968,427173.542,429078.7797,431041.7519,433990.0592,430021.7762,396551.1757,422781.8728,426507.671,432908.5
Colorado,274658.7796,276257.9398,278073.5278,275262.9736,281013.3374,279302.9574,282702.6759,282702.6759,284313.8599,288985.0911,291891.8354,297942.7933,293992.9877,296259.4667,295712.3856,291669.3959,290785.6494,285852.9013,287911.9705,288912.9486,287969.0833,288970.0614,292039.1265,297031.9934,293436.8888,294248.4927,294735.455,297804.5201,298799.4863,300741.3238,300146.1476,302692.179,307784.242,308060.7885,311559.703,314574.6612,316597.659,320685.7378,325855.9552,332484.0536,336070.1404,338081.1145,340548.9915,342833.5062,341342.5598,343798.413,349052.7967,353636.8557,355073.6952,357709.9048,363249.8529,367686.6208,373229.5748,375730.5171,377101.2259,380747.4315,385196.2232,388938.6189,394598.8045,397030.6103,395711.0025,364419.1637,389203.1416,393519.672,401073.6
Minnesota,315372.6076,316296.9353,321939.6723,319056.5707,319323.5246,321405.7646,316236.8706,316116.7414,315412.6506,320461.4154,320167.7661,322793.9247,323524.7108,323541.3954,326444.5186,315399.3029,309349.4613,309049.1382,309923.412,315265.826,314167.9783,318749.5738,323447.9616,330979.3972,325510.1801,331406.5233,328630.2033,331212.9818,333545.4911,333361.9603,334446.4603,333415.3511,336715.5681,338794.4712,344647.4344,345922.1391,345585.1098,351337.9653,355432.37,353647.1162,356426.7732,355298.8931,356753.7916,359052.9317,357948.4101,359710.3055,365623.3334,367308.4796,370291.6889,368589.8581,366691.1488,370638.7289,376615.1582,379551.6506,381306.8722,381757.3568,381794.063,382398.0461,384990.8354,387276.6277,380539.3799,346402.656,374292.6597,378600.6275,385484.7
Indiana,318349.4101,321027.6574,323042.2088,323417.6327,326524.9359,327621.0396,328569.6553,330574.1508,329990.9029,335642.3734,338994.3725,343368.7313,341960.8917,342353.0756,336044.6133,323793.0566,309238.6765,308568.2767,311407.4199,321305.8733,325965.152,332045.6784,336054.6693,336426.7412,332920.5501,333322.79,332625.5742,336792.1091,336604.3971,337294.909,335565.2774,331331.7026,342976.5474,339396.6124,342798.8915,343315.0993,348299.522,354313.0084,356387.8958,353900.7125,350213.5135,352288.4009,350414.6334,351071.6252,351624.7051,354819.1602,357886.2394,360792.4226,361265.0545,362284.0622,363152.23,367342.2289,372681.9634,372588.1074,374019.411,376114.4105,376905.4823,378403.8259,381467.553,383294.3925,378172.5379,342182.1236,374364.667,378990.4257,385319
Tennessee,301653.1107,302770.1388,306794.0529,308472.8612,310948.6135,313796.7085,311997.0522,313786.91,305314.4806,307493.012,310034.0876,315354.6688,314443.409,316269.1947,315896.852,306607.8815,303877.3684,301960.1301,301143.5891,304334.6314,305598.6368,305980.778,306937.7641,309560.4938,310994.3398,315191.3606,317441.7476,322027.4419,324509.7265,328112.3054,326387.7708,327455.8065,332289.7292,329141.1471,330816.6893,331626.6979,332230.9383,335595.0872,337610.3104,338724.0724,343914.007,349162.7326,351413.1196,351788.7285,352242.7252,352860.0302,355374.9765,359709.1762,360375.4737,360760.881,362289.4458,367603.4947,368491.8913,372081.4055,374527.7624,374945.8314,375948.5437,377633.8844,379998.5871,379926.7315,376167.3767,330496.6052,363631.8392,369612.1855,376232.7
Arizona,294161.7461,300074.4366,306877.574,308254.8396,314934.7318,315933.0183,319704.3227,323811.4704,323956.2836,326757.0318,330069.2477,328648.8462,326199.347,323685.1441,318702.9551,306572.5421,297094.9829,291931.0072,289577.0231,293342.1652,290316.4945,294599.2667,297701.9657,300770.7723,299575.2934,300702.9874,301698.1927,307838.8869,307786.5077,308972.7432,307604.721,308085.3774,309348.6412,309173.0167,310374.6578,312288.0402,312574.5854,314139.8,316706.3822,316823.4652,321337.3222,323792.9837,323549.5743,327527.3145,329225.0177,333341.4089,337522.5037,338986.041,343099.351,344535.1581,349742.2696,351618.6784,358277.0027,359469.4004,361869.6015,364081.8536,366614.5434,369338.2632,373642.6033,378156.4604,375121.5463,348780.9567,373180.4337,377152.0116,383930.5
Wisconsin,296709.2007,298225.2126,301864.8939,299186.8151,303506.196,303997.9601,304502.2533,304931.3724,304959.5627,305382.4172,306582.0712,306359.6811,303559.4443,305069.1916,302663.6191,295901.0787,289454.8962,291556.6399,294219.0573,298190.7578,297429.6196,300633.9173,304329.9793,307502.9544,305200.7464,307719.0801,309958.643,312342.2897,315032.8975,314797.9783,311982.0803,311089.3874,313720.4823,313100.2957,314581.8527,316558.3061,315847.284,322428.1536,323828.272,324984.0744,326835.2376,328805.4265,329428.7455,330446.7286,330766.2187,331630.7213,334070.7486,333008.9139,333384.7846,333328.404,337378.4108,338308.6908,345127.6118,345215.315,347411.0263,348532.3739,350255.1147,350916.0206,351069.5012,353565.9091,345553.5986,313103.4279,340780.0407,343116.7036,348165.9
Missouri,300071.0767,302302.4791,303458.3579,304747.1318,304237.1853,306187.3444,302886.5996,302503.3671,298340.3491,303322.3721,305674.3073,309083.2225,309247.0235,315391.1065,310195.8331,314587.5544,304277.3629,303155.4805,304759.4941,305699.032,308591.8195,309361.3752,310044.3945,309138.8531,304540.0626,305689.7602,305457.9663,308557.8231,310492.5293,310013.4886,308063.3295,307664.644,313150.4324,311620.5928,311861.6584,311620.5928,307828.445,312439.5978,316194.6586,317814.1251,317879.0274,318577.4996,318497.1444,315557.9981,317362.8997,316732.4203,316519.17,319408.8669,317777.0381,320518.3869,321522.8271,324245.6324,324947.1952,328306.6611,328053.2331,327731.8123,329919.9465,328961.8651,331140.7275,332642.7518,328312.8423,298025.1095,322252.2051,326687.1946,331576.5
Connecticut,277485.4881,279208.3535,278845.2005,282516.1424,291237.4447,288501.1291,288664.4072,292318.4583,301543.6705,301684.4275,301825.1845,298860.8425,313372.8868,307444.203,295606.5412,280072.6013,288318.145,285843.6374,285607.1656,287031.6262,284962.4987,287023.1808,287040.0717,284385.3951,277547.4212,280708.8229,278859.2762,280677.8563,281651.8946,282245.889,281249.3296,280908.6978,276964.6873,274611.2306,275323.4609,273817.3613,269282.1715,272705.3812,275644.3868,278836.7551,282203.6619,283681.6102,282504.8819,283157.9942,284056.0238,283692.8708,282868.0349,283980.015,283873.0397,286949.9872,287093.5593,286415.1107,287828.3107,285669.0987,288844.5761,286448.8924,289905.8837,289069.7873,289508.949,290854.5857,286381.329,260881.7952,279957.1806,284714.7664,288923.4
Oregon,177490.6811,177753.3611,179888.3764,182149.7942,188207.2337,188691.1179,190824.1582,192775.4951,189643.0859,192011.1556,195256.142,197655.8124,197268.7051,198817.1343,198406.3266,192688.5935,190857.7338,188102.5567,188080.8313,187436.9692,191837.3524,190020.318,191503.571,192133.608,196103.433,196707.7945,195483.2713,199243.7424,199152.8907,198637.4059,197904.6671,194319.9743,197148.2278,197774.3146,199741.4518,201617.7373,200867.2231,204655.3447,208097.8348,209581.0879,214009.1216,215715.5539,219282.4713,219981.6345,225499.8889,226771.8129,227540.1024,230822.6145,232904.3039,236171.0156,238313.9312,241843.3229,245347.0391,247081.1219,249771.1228,250962.0703,253018.0842,253413.0917,255530.3317,258629.1653,256033.9662,232572.4976,250729.0159,252413.7228,256498.1
Louisiana,261681.0719,264788.3685,260029.3115,259152.5124,260215.6003,259453.0583,257883.2649,258104.3276,250618.0031,249092.919,248884.2756,249371.1102,247510.7064,250404.3919,251032.806,253049.6924,253613.5264,252043.7331,254112.7803,256919.5311,262003.9724,265118.7206,266527.0637,261062.5932,252284.6665,248963.7588,245938.4292,249835.5902,252105.8293,252659.7279,246007.9771,242766.5525,242699.4886,239706.4491,240183.3483,240583.2482,240816.7301,247321.9338,250545.9714,251725.8003,248044.7342,245647.8188,244639.3756,242242.4601,240352.2501,239785.9323,238842.0692,240009.4788,242396.4588,243216.1294,243697.9963,244390.9906,248424.7633,249629.4307,250049.2014,251994.0561,253842.0406,253663.2034,256360.6648,257272.2378,249244.4339,226817.7503,243638.3839,245451.5946,248280.7
South Carolina,191590.1012,192720.8342,193668.5349,194831.807,197113.6099,197327.1476,197099.3741,198760.9008,198600.2391,201715.856,204323.0498,206354.7086,203692.6051,205514.7936,203731.2453,196997.6895,193871.9041,192366.9717,192930.3045,195344.2975,194963.997,196989.5547,198191.4669,199312.0315,200033.9923,202866.926,201652.8115,203310.2709,204768.4284,203550.2466,203220.7884,201935.4948,206358.7759,205240.2451,208544.9954,209240.5182,209240.5182,213442.1269,214404.0634,214672.5108,217342.749,219386.61,222549.0018,223634.9936,224952.8263,226964.1482,228507.7207,231177.959,233549.2444,234376.9572,235220.9396,237069.5661,239778.4445,241647.4079,243107.5991,245228.7403,248126.7521,247227.86,250089.2653,251789.4323,246432.6863,223293.3332,242231.0776,244838.2714,248775.5
Alabama,204825.399,207139.15,206981.9255,209584.6298,210011.6858,211320.4743,211333.2223,211654.0454,210304.8884,211926.0015,213538.6159,213844.5664,212684.5039,213638.4747,211974.8686,205762.3725,203251.0284,203304.1448,203933.0432,204476.9553,204561.9415,207164.6459,211110.1333,210901.917,209421.0313,210570.4705,211494.6962,214335.3621,213617.2282,213910.4308,211373.5907,210959.2827,215622.904,214688.0551,216179.5641,213668.2199,210742.5677,213653.3473,215017.3769,215070.4933,214135.6444,216007.4669,216695.8556,216120.0737,216927.4432,218195.8632,218106.6276,219270.9395,219950.8296,219723.4913,220239.7829,222472.797,224537.9633,225164.737,225428.1944,227119.4211,227574.0976,227786.5633,229392.8037,230142.8075,228264.611,209085.3355,225205.1055,227948.0372,231736.3
Kentucky,187819.7416,190738.8263,192607.6795,193594.0187,196173.6749,197401.6073,196515.1,195814.2801,192677.5618,193917.474,194400.6604,197399.6106,197128.0679,198857.1564,194680.1897,189502.9074,186811.4394,185026.4451,186479.9975,190411.3777,189668.6284,194574.3679,197978.6357,198060.4978,194983.6787,196197.6346,196818.589,201051.4615,200148.9811,200777.9221,199775.6098,197952.6794,204579.5208,202706.6744,203273.7196,202481.0543,201876.073,204186.1831,204553.5645,204188.1798,204898.9829,207165.167,207045.3687,207468.656,205406.1289,207332.8846,209063.9697,209155.8151,208472.9649,207989.7785,208922.2084,210763.1086,211198.3757,212058.9267,212382.3821,213676.2035,214666.5359,215179.6719,216609.2647,217823.2206,215045.8971,193458.2473,210892.8901,213141.1045,216469.5
Iowa,162124.9543,162880.4111,164135.9339,162176.7469,164175.2248,165511.1152,164593.137,166829.1462,169656.3048,172958.5261,173231.7764,174217.6207,173199.6293,172172.7081,168593.6647,163739.453,162199.9642,163659.0853,166404.0902,169547.3619,167607.8203,169881.3345,170592.1425,171269.0175,170038.4981,170267.0997,171461.9001,176880.4719,178323.5194,180675.6153,179343.2967,176037.5036,178369.9541,177155.5082,179003.9663,180138.0444,181691.8208,187797.9833,190082.2131,190123.2899,191703.8556,192434.309,193673.7582,194082.7407,191830.658,190484.0518,192523.6065,192271.7876,192021.7546,191452.0366,189953.6247,191364.5251,194747.1141,196241.9541,195938.3426,195370.4106,195686.5237,195988.3492,197161.7183,196497.3449,195498.999,179934.4461,194439.9307,197420.681,199947.8
Oklahoma,142626.7509,144281.1112,144380.3728,142992.4516,158468.5564,152653.9155,150962.9852,151027.4181,152655.6569,155239.9418,158315.3104,158374.5191,158282.2232,161462.0778,162082.0275,167294.133,163034.5907,159799.0103,160492.1002,157486.3889,157280.8999,160542.6017,161827.7784,161820.8127,160086.3466,164288.4216,168044.6901,171868.8745,173220.2256,174618.5953,173526.7176,175207.1993,177176.7587,176577.7062,176912.0611,180476.7721,180415.822,184663.1742,190503.9366,193534.028,195204.0612,192008.5337,195047.3323,194725.1674,191799.5619,189530.4762,187893.5303,186956.64,187747.25,189652.3765,189378.9717,189779.501,192196.6084,193467.8536,194267.1708,196921.113,199169.3015,198772.255,199555.8994,198237.6355,194510.9713,177185.4659,187047.1944,188675.4332,190775.6
Utah,121353.457,122748.6444,125313.3271,128086.1155,131610.7222,133760.6591,135999.9935,138664.3324,138640.8839,142351.6133,142603.685,143242.6574,140776.1654,142131.7834,141155.7384,137645.787,138475.2786,137556.3895,137411.3017,137412.7672,139123.0442,138740.5401,140856.7697,143418.5213,143453.6941,145059.9182,144884.0543,145772.1673,147019.3358,146389.1566,145695.9596,147108.7333,149156.0829,149724.7097,151581.5399,151250.3295,153340.1795,154855.5406,155554.5998,156885.3037,158761.1859,160618.0162,161734.7523,163543.22,165325.3081,166427.3889,168870.4323,171139.0773,171310.5447,173513.2407,176716.8958,179497.0118,182240.4895,185044.0541,186106.5655,186748.4689,190532.475,189925.7444,193035.6053,194953.988,193007.7602,181169.1849,195065.3685,198424.37,202823.9
Nevada,156896.0303,161497.7068,161196.1514,162627.0614,166072.7755,168236.879,167039.5267,167729.852,166649.2785,165944.171,166457.1108,168702.5161,164272.3123,161610.051,160279.6594,155094.0889,150062.2524,146887.0513,145380.7525,145807.956,146258.8109,148632.8207,150486.4995,150949.1801,149265.4957,151558.2038,149883.3887,149643.9182,149141.3259,148173.0965,147595.1153,146375.5897,148573.6921,147399.9912,148196.7479,149670.526,148721.5134,148816.119,149722.2635,151503.5099,153201.9765,155871.6288,156893.0739,158185.0319,158140.6855,158470.327,162971.485,161905.6935,164498.4788,165339.5819,167624.8989,166937.53,171375.1249,172269.4436,173157.8495,175694.4627,175929.4986,176705.5603,178741.0593,179932.4989,177693.0064,154950.7022,172117.1877,173877.7392,178426.2
Kansas,134595.4392,135262.6464,136287.5637,134471.0183,141401.2635,142482.1702,141962.7129,143891.2371,147437.2333,149356.426,150162.0514,152213.4413,153914.8974,155824.7585,154344.1495,149438.8548,147289.4835,146970.6548,147480.7806,149334.6523,145811.985,148277.0745,150930.3506,152415.6253,151087.432,154029.9867,153669.1661,154557.2204,160719.1664,157639.7486,152190.1124,151555.5657,153342.5611,154414.1363,154953.812,157589.9803,153697.1608,157929.0273,161887.1677,163473.5344,160297.6905,163206.0295,164496.8965,165772.2109,165640.0137,168033.5611,169604.3752,170742.8266,170562.4163,170374.2296,170413.1112,171268.505,173559.4052,175139.5508,175372.84,175058.6772,175896.9632,176526.8441,176943.6541,178012.1188,176417.9758,161207.5185,173532.9657,175221.9797,178346.5
District of Columbia,117554.6162,117595.5935,117095.9348,117328.5801,117887.722,117435.6498,118649.1066,117041.739,118637.21,119357.6173,123239.8859,122528.7315,125271.5668,125061.3929,125711.7423,125439.4415,124403.1124,124935.8173,124901.4492,125230.5895,127891.4702,128823.3732,129321.7101,130171.6585,130572.1786,131586.0363,131867.59,131518.622,131607.1858,132609.1469,132573.457,131950.8664,132429.3755,131690.4623,132689.7796,132874.8384,133720.8213,134129.2725,135217.1536,136023.4811,136480.8407,137599.1243,137432.5715,137891.2528,139827.7606,140039.2564,139811.8985,141037.2519,139515.8044,140241.4992,142697.4934,141973.1205,142907.6673,143762.9031,144874.5776,144390.7811,144487.276,145059.6364,145680.9051,146659.0728,146225.5066,138101.4267,144303.5391,144731.818,145777.4
Nebraska,97420.91647,98451.9587,99781.34019,101310.7576,100531.1891,103970.6636,101463.9279,101929.1543,103729.4775,103802.6335,103716.9038,105764.1284,105295.4729,107010.0664,105573.237,101310.7576,104470.1819,103833.4962,105126.2997,106979.2037,106630.5697,109063.0063,109831.1442,110420.9644,113714.127,113829.5763,113327.7719,116707.8072,113999.8925,115404.7162,113842.1499,113978.1744,116532.9187,115688.1956,115856.2258,115250.4027,118034.9026,119906.0956,119923.2416,120701.667,122588.8629,123739.9267,123847.3745,123355.8577,122599.1505,123145.5343,124637.2306,126975.9361,125591.6877,126977.0792,126886.7773,127450.307,128416.1947,128059.5592,127513.1754,128859.7029,128452.7727,129901.0327,131731.0754,133047.8833,131885.3889,120181.5736,129103.1751,131097.8189,133061.6
Arkansas,115396.2213,116164.1733,117084.9935,119595.8835,119073.4836,120720.1267,119737.9185,119105.9831,116404.9106,117307.6755,117710.9104,123586.1043,117848.1307,119798.1028,118959.1333,116844.2562,116762.4055,112754.1294,113735.1339,114956.8757,113986.7044,117306.4718,119433.3858,119594.6798,119338.2946,119540.5139,119770.4181,121046.3257,121719.1865,121064.381,119843.8429,118847.1905,123277.9605,122879.5403,123740.1761,123121.4813,123487.402,124676.6442,125260.4322,125977.8293,125053.3981,125868.2939,126957.6302,126927.538,126573.6542,126779.4846,126406.3417,127513.7333,128145.6687,128305.759,128036.1333,129312.041,129754.9976,130404.9883,130486.839,130967.1099,130412.2104,130906.9256,131506.3615,132131.0747,130794.9827,120523.9258,129138.7101,130746.8353,132955.6
Mississippi,106904.6817,107169.1043,107893.4413,111358.0547,109612.1879,111350.1446,111380.6549,112207.8229,111988.6008,112279.0136,114532.2554,116699.6163,118211.5709,120246.7205,119052.299,116525.5946,114336.7635,113499.4254,112628.187,112305.0039,112941.2,113748.0278,113941.2596,113310.7136,111718.5282,111778.4188,111643.9475,113002.2206,114665.5966,114011.3203,112632.707,110694.7383,113410.1545,111614.5672,114011.3203,112241.7232,111763.7286,113722.0375,113019.1707,112976.2303,112932.1599,113548.0159,113795.4882,113531.0657,114397.7841,113742.3777,113468.9151,114005.6703,115066.7505,114220.3723,114464.4547,114855.4385,115149.2413,116036.2999,115847.588,116065.6802,115655.4862,115798.9976,116753.8568,117590.0649,116480.3942,105431.1475,114577.4558,116154.951,118122.3
New Mexico,88137.21031,88483.27232,87592.3467,87762.61658,89850.03322,89957.71742,90083.80916,90728.99394,90157.43938,90964.61063,91584.02483,90528.3516,89124.77559,89211.29109,89792.96981,92852.30532,92801.68454,91605.19352,91911.6793,91798.47284,90886.37853,90661.80637,91058.48916,93062.15143,89897.89287,91387.98438,91814.11926,93287.64397,92430.77232,93334.58324,91870.2623,90515.46631,90919.51212,90648.92108,90717.94941,91580.34332,91261.89263,92832.05701,94599.18221,96714.21019,96410.48554,96025.76766,96378.27232,96284.3938,96552.22371,96287.15493,95919.00385,96484.11576,96094.79599,96231.01189,96613.88902,96548.5422,97528.74446,98284.37456,98602.82525,99888.59291,101675.046,103126.4817,104810.7729,105252.5542,103994.3979,95694.43169,100905.6103,101522.2633,102635
Hawaii,79848.24452,80462.3079,81172.04688,82234.04602,82360.16385,83014.23703,83516.09903,83473.4799,83048.15838,83317.78961,84536.34881,85218.25489,85258.26468,85776.65247,84658.11775,82795.92271,81940.061,81620.85241,81193.79134,81650.42487,82679.37244,83204.71845,84593.75417,85147.80286,84947.75388,84974.717,84851.2085,86335.05005,86516.83368,87112.63172,87381.39318,86900.40585,88116.35572,87354.43005,87627.54039,87729.30444,87058.70548,87650.15463,88424.25719,88621.69683,90260.35889,90897.90628,91294.52512,91985.12898,92623.54615,93075.8308,93472.44964,94317.87401,95380.74292,95510.33987,95756.48709,96032.20677,96724.55018,97427.33094,96856.75646,97169.00682,97193.36061,96957.65073,97325.56689,97964.85384,95704.3004,83433.4701,89317.51936,89779.37157,90765.7
New Hampshire,72798.3239,73282.20776,73621.23467,73532.62537,74258.45116,74177.54701,74797.04164,77187.18136,74225.31899,75771.74401,74519.65599,74753.12224,74961.16148,74649.10262,74155.20206,72249.71672,72364.52356,72341.40808,74334.73222,74510.4098,74263.84477,76163.9365,76229.43034,76193.98661,75080.59142,76273.34973,75933.55231,77380.5808,76436.69906,76734.11812,77216.46096,77819.00424,77710.36152,77295.05356,77585.53798,77842.89023,77371.33461,79213.63767,79218.26076,80928.03511,79775.34362,81330.24431,81273.22615,83067.75723,82431.31125,83146.34983,83689.5634,83487.68829,83644.10298,83802.05869,85488.71758,85428.61735,86533.53687,86728.47735,87074.4389,86738.49405,88466.76078,87835.70842,87895.03812,87775.60819,87298.65897,77795.11825,84753.64559,85555.75244,87300.2
Idaho,61308.03588,62209.34651,63314.78899,63207.17955,64835.66916,65594.1527,64408.49227,65215.23702,65557.63071,65819.80645,66291.98365,67430.68724,67304.16462,68296.78023,67968.08229,66173.28717,65243.93287,63856.74929,64396.10087,64182.83852,65060.67072,65058.71419,65611.76152,65920.24193,64898.27829,65165.67145,65078.93172,65933.2855,65136.32342,65265.45476,65530.89139,64938.71335,66494.15897,67461.9918,67998.73467,68789.17496,68575.26043,69175.26461,69984.61808,70668.75328,71641.15136,71197.01783,71442.88911,71222.45279,72971.59541,73720.29628,74738.34685,74942.47871,75517.70011,77005.31917,77679.01952,78672.28731,80972.52072,81538.61163,81819.04836,82798.6204,83309.27614,83979.71559,84944.28753,86099.94776,85683.20572,77679.67169,84987.98349,86114.94786,87358
Delaware,71320.68868,69777.61753,69797.80305,78264.50884,73979.19691,74968.28758,74350.76007,73322.79359,73914.90228,75798.8845,73768.37033,72483.22532,71479.18242,71509.83451,71068.74344,69379.88795,73215.13746,74147.40961,74267.02753,72488.45861,73706.31854,72274.64158,72988.61103,73841.63631,74802.31772,75313.68432,76085.9675,75911.0263,76599.57694,75380.9694,74411.31665,72652.93324,71358.81689,71000.71074,71244.43225,73982.18736,74619.90039,77048.89175,78735.5044,79550.40147,80905.0744,82208.90971,79536.19684,78921.65978,76355.10782,76331.18424,75699.45211,75600.76732,75457.22582,73736.22302,74766.43234,75009.40624,75345.08402,76013.44914,77209.62833,76740.128,77636.51477,77700.8094,77615.58164,77946.77375,75616.46717,71082.20045,75552.92015,76633.96709,77688.1
West Virginia,69689.58579,70768.72605,70182.73729,70372.12529,71020.50069,71287.87199,71186.86505,71386.65083,70724.16417,71104.42557,71582.72311,71571.58264,71356.9429,72343.98861,72870.56152,73954.90067,73741.00363,72498.4698,71614.65913,71987.49355,71485.42967,72808.17489,74780.0382,74313.62383,73026.52811,74644.86716,74782.26629,75660.87808,74800.83375,75091.22868,73940.04671,73246.36673,75135.04787,75079.34551,75054.83648,75175.89626,73533.79088,74673.08968,75067.46234,75454.40803,75493.77102,75472.23278,75308.83921,75077.11742,75209.31767,74180.68088,73865.77691,73569.44038,75008.0465,74396.80601,74656.75032,74764.44154,75536.10481,76614.50237,77571.09746,78167.48399,77755.28657,77706.2685,77733.74833,76757.8431,75441.03946,69099.14084,73850.92294,74477.0174,75958.7
Maine,62230.8841,62393.2411,62574.73524,63187.74096,63264.90684,63672.34267,63279.10536,63311.82369,62548.80751,63181.56769,63292.68656,63281.57467,63363.06184,63533.44409,63219.22464,61762.33289,61207.97324,61672.82048,62293.23412,62732.15363,62579.05653,62887.72004,63236.5098,62541.39958,61995.6825,61771.5928,61595.6546,62603.13228,62135.19841,62456.82578,61752.45566,60586.32494,61519.72338,60833.87307,61104.2623,61556.763,61560.46696,62217.92023,62672.27291,63182.80235,62057.41521,62875.99082,63059.95427,63668.02138,63652.5882,64463.13857,64311.89345,64879.21698,65055.7725,65011.32496,65511.97716,65823.10998,66557.72912,66938.00256,67224.4423,66929.97731,68174.50857,68107.21992,68880.11334,69451.14083,68296.12199,61459.22533,66527.4801,66983.68476,67839.3
Rhode Island,59877.28754,60703.93303,60709.3242,61467.68158,61017.21969,62347.63972,62966.4258,62027.76385,61667.75375,60524.82651,60042.01762,59168.64868,59159.66341,58687.03783,58200.63483,58008.94892,57342.24136,58003.55775,58677.45354,59130.3115,58998.52744,59522.06958,59967.73933,59991.70007,58492.35683,60017.45786,59606.53119,59891.06496,60062.98326,60119.89002,59962.34816,59462.16774,60369.68072,59689.79475,59955.75896,59924.01098,60002.4824,60104.31554,60277.43188,61071.13135,61116.05774,61523.98932,61325.7142,61911.55427,61066.33921,61366.44746,61981.04041,61799.53782,60472.11288,60936.3522,61740.83401,61658.76848,61257.4261,61694.70958,61568.31669,62182.31062,62584.25202,62327.87211,61954.6836,62308.1045,61480.85999,55740.46596,60136.06352,60517.03927,61578.5
South Dakota,41566.07406,41485.78947,41867.90345,42073.69622,42242.39548,42622.98507,42538.12731,42445.64759,44470.03867,44820.14044,44339.44919,44669.22575,47239.85689,46568.61678,45993.92142,44330.81097,46083.86048,46417.19395,47041.68608,46632.13306,46127.05155,46399.91752,47722.58067,48145.34507,48857.74374,49594.53266,49809.9799,52172.78575,51871.97262,51568.61884,48822.17462,50988.84218,50898.39498,51062.01294,51105.20401,51059.47229,52188.02966,52317.60289,51740.36688,51201.24064,52265.7736,52465.97693,52844.02587,54175.83536,52347.58257,52917.70476,54039.14831,54135.69307,54631.62823,54079.29061,53380.61146,52702.76565,55497.99038,55016.79099,55059.98207,55114.35201,54863.33565,55182.9496,55789.14904,56126.54755,55786.10025,51247.48049,54945.14462,56258.66142,57142.3
North Dakota,30085.58212,30252.73615,30243.6284,30491.68069,30962.06927,31666.04489,31531.03587,31915.70443,32283.229,32655.03956,33079.88938,33947.80453,34976.44471,35409.86653,36055.98114,35959.01037,36406.89745,36160.45241,36984.9718,36969.9708,37838.95744,39101.72041,39888.73729,40809.15595,41064.70874,42442.65798,44050.97975,47654.43486,50608.02512,53743.23465,54795.98358,55153.32889,53161.41005,53824.66867,55096.00363,55376.20093,56351.2661,58463.72871,59422.18562,60527.43806,59200.92083,56992.0232,56417.16336,55981.06278,54225.94548,52699.59347,52820.67299,52531.36795,52904.78576,53645.72813,53152.3023,53212.84206,54756.87382,55419.59669,55913.55827,55881.41327,55870.69826,56087.67705,55973.56228,55938.73853,55715.86649,51396.1135,54057.71996,54776.16083,55789.8
Montana,40592.2763,40527.85736,40878.22226,41494.14151,41613.24704,42136.9406,42707.90563,43188.9622,44010.18786,44595.05625,44621.47265,44921.32198,44699.79497,44461.12046,44188.61443,43524.03339,43563.88971,43143.08108,43657.96918,43312.70218,44508.39192,44601.08105,44808.24125,45082.60106,45350.47264,45520.55719,45544.19291,46624.48469,46532.72245,46208.31051,46358.4669,46279.21769,46763.05493,46662.48723,46792.71546,46871.03777,46979.0206,47570.84068,47991.64931,48319.76882,49650.32124,49856.0911,49954.34158,49149.33651,49328.68997,48643.71732,48872.65947,49729.107,49804.64864,50459.96077,50226.84761,50051.20172,51065.68421,51392.87683,51269.13685,51872.07962,52152.46423,52381.86982,53145.62822,53602.12217,52940.78525,48288.25452,51641.74714,52106.11966,53015.4
Alaska,44580.10314,45000.17682,44639.86739,45251.87623,46504.05206,48041.83202,48601.54715,50159.44008,50522.62279,51411.04126,51317.3723,50431.82711,49265.84971,48234.34185,50263.45285,54911.84676,57043.24656,56413.99804,54960.11788,54248.69352,52963.76228,54194.10118,54537.74558,54233.75246,52624.14047,53838.96365,54550.38802,56921.41945,56844.41552,58383.91945,57919.02259,56715.11788,55961.74361,53991.8222,54325.69745,53757.36248,52845.3831,53058.58055,53318.8998,53765.98232,54275.70236,53682.65717,53595.30943,53564.278,54008.48723,53115.47151,52593.68369,52508.05992,52587.36248,52501.16405,52876.41454,52416.68959,52640.8055,52688.50196,52647.70138,52813.77701,52814.92633,52799.41061,53269.47937,53206.84185,52386.23281,47253.40373,50668.58546,51389.77898,52065
Wyoming,32985.04577,33665.26464,32765.34775,33153.66016,35527.70466,36985.31652,38362.27002,39340.15665,39686.21944,40191.29443,40356.45204,41022.07558,41373.1315,41595.13405,42124.79064,45339.98665,44856.03646,41728.41239,40245.06668,38761.33687,39305.58878,39839.08625,40244.68259,39862.13149,39267.18004,39350.9111,39195.73977,39828.71588,39048.25019,39034.80713,37871.79035,37679.74662,38794.75248,38279.30713,38341.52929,38561.22731,37977.79848,38389.54022,38868.88136,39491.10302,40408.30384,39449.23749,40033.05041,39584.43627,39776.47999,38081.50209,37383.99929,36962.27128,37294.50692,38104.16325,37930.17164,38021.96854,38454.83509,38697.57836,38689.89661,38826.24765,39092.03616,38951.84425,39356.67241,39337.46804,38258.18232,34680.02367,36254.7822,36595.08368,37053.3
Vermont,31002.53849,30885.1059,31084.60786,31263.75929,31608.71753,31414.88703,31288.78044,30971.84588,30729.64115,30885.1059,31069.26155,31061.92202,31795.87573,31807.21865,31782.53112,31283.77621,30968.17611,30856.08136,31238.40452,31635.74038,31840.9138,32391.7127,32834.75385,32787.71409,32609.56351,33077.95942,33052.27104,33964.37534,33477.9642,33833.59813,33405.23606,32729.33141,33068.61819,32832.41854,32503.80745,32613.23328,32272.61203,32661.94111,33229.08716,33511.65934,33186.3844,33311.82377,33444.93628,33424.58575,33615.0801,33602.73633,33827.25944,33845.27467,33710.49408,33696.14862,33919.67089,34054.11786,34013.08318,34219.25745,34120.1737,34196.57161,34516.17509,34269.29975,34397.74165,34477.47571,33965.37619,30111.78557,32925.49722,33223.4157,33717.5